{
  "sfz_name": "com.Garritan.Ambience",
  "mute": false,
  "names": false,

  "decay": 0.382941,
  "diffusion": 0.500000,
  "size": 0.350000,
  "predelay": 0.109545,
  "width": 0.940000,
  "quality": 0.500000,
  "variation": 0.500000,
  "note_amp": 0.000000,

  "damp_lo_freq": 0.241807,
  "damp_lo_amount": 0.297817,
  "damp_hi_freq": 0.713002,
  "damp_hi_amount": 0.173997,

  "eq_lo_freq": 0.103147,
  "eq_lo_gain": 0.791667,
  "eq_hi_freq": 0.897995,
  "eq_hi_gain": 0.791667,

  "level": 0.500000,

  "ids": [0, 17, 5, 7, 6, 21, 12, 14, 1, 2, 3, 4, 8, 9, 10, 11, 20]
}
